avg_requests,avg_errors,avg_error_rate,avg_latency_ms,avg_severity_index,system_state
157.35,4.433333333333334,0.026486148644015068,33.711553842122015,0.9401345461321928,STABLE
